{
    "initialEnergy": 400,
    "map": [
        [3, 0, 1, 0, 3],
        [3, 0, 1, 0, 3],
        [3, 0, 1, 0, 3],
        [3, 0, 1, 0, 3],
        [3, 0, 1, 0, 3],
        [3, 0, 1, 0, 0],
        [3, 0, 1, 1, 1],
        [3, 3, 0, 0, 0]
    ],
    "enemyPaths": [
        [[6, 4], [6, 3], [6, 2], [5, 2], [4, 2], [3, 2], [2, 2], [1, 2], [0, 2]]
    ],
    "beginPaths": [
        [6, 4]
    ],
    "endPaths": [
        [0, 2]
    ],
    "waves": [
        {
            "time": 5.0,
            "huge": false,
            "enemies": [0]
        },
        {
            "time": 15.0,
            "huge": false,
            "enemies": [0]
        },
        {
            "time": 25.0,
            "huge": false,
            "enemies": [0]
        },
        {
            "time": 30.0,
            "huge": false,
            "enemies": [0]
        },
        {
            "time": 40.0,
            "huge": false,
            "enemies": [0]
        },
        {
            "time": 42.0,
            "huge": false,
            "enemies": [0]
        },
        {
            "time": 45.0,
            "huge": false,
            "enemies": [0]
        },
        {
            "time": 50.0,
            "huge": false,
            "enemies": [0]
        },
        {
            "time": 58.0,
            "huge": true,
            "enemies": []
        },
        {
            "time": 60.0,
            "huge": false,
            "enemies": [0]
        },
        {
            "time": 62.0,
            "huge": false,
            "enemies": [0]
        },
        {
            "time": 63.0,
            "huge": false,
            "enemies": [0]
        },
        {
            "time": 65.0,
            "huge": false,
            "enemies": [0]
        },
        {
            "time": 66.0,
            "huge": false,
            "enemies": [0]
        },
        {
            "time": 67.0,
            "huge": false,
            "enemies": [0]
        },
        {
            "time": 69.0,
            "huge": false,
            "enemies": [0]
        }
    ]
}