{
    "initialEnergy": 2400,
    "map": [
        [0, 1, 0, 1, 0],
        [0, 1, 0, 1, 0],
        [0, 1, 0, 1, 0],
        [0, 1, 0, 1, 0],
        [0, 1, 0, 1, 0],
        [0, 1, 0, 1, 0],
        [0, 1, 1, 1, 1],
        [0, 0, 0, 1, 0]
    ],
    "enemyPaths": [
        [[6, 4], [6, 3], [6, 2], [6, 1], [5, 1], [4, 1], [3, 1], [2, 1], [1, 1], [0, 1]],
        [[7, 3], [6, 3], [5, 3], [4, 3], [3, 3], [2, 3], [1, 3], [0, 3]]
    ],
    "beginPaths": [
        [6, 4],
        [7, 3]
    ],
    "endPaths": [
        [0, 1],
        [0, 3]
    ],
    "waves": [
        {
            "time": 4.0,
            "huge": true,
            "enemies": []
        },
        {
            "time": 5.0,
            "huge": false,
            "enemies": [0]
        },
        {
            "time": 15.0,
            "huge": false,
            "enemies": [1]
        },
        {
            "time": 20.0,
            "huge": false,
            "enemies": [2]
        },
        {
            "time": 25.0,
            "huge": false,
            "enemies": [3]
        },
        {
            "time": 30.0,
            "huge": false,
            "enemies": [4]
        },
        {
            "time": 34.0,
            "huge": true,
            "enemies": []
        },
        {
            "time": 35.0,
            "huge": false,
            "enemies": [5]
        },
        {
            "time": 35.2,
            "huge": false,
            "enemies": [5]
        },
        {
            "time": 35.4,
            "huge": false,
            "enemies": [5]
        },
        {
            "time": 35.6,
            "huge": false,
            "enemies": [5]
        },
        {
            "time": 35.8,
            "huge": false,
            "enemies": [5]
        },
        {
            "time": 36.0,
            "huge": false,
            "enemies": [5]
        },
        {
            "time": 36.2,
            "huge": false,
            "enemies": [5]
        },
        {
            "time": 36.4,
            "huge": false,
            "enemies": [5]
        },
        {
            "time": 36.6,
            "huge": false,
            "enemies": [5]
        },
        {
            "time": 36.8,
            "huge": false,
            "enemies": [5]
        },
        {
            "time": 37,
            "huge": false,
            "enemies": [5]
        }
    ]
}