{
    "initialEnergy": 50,
    "map": [
        [3, 0, 1, 0, 3],
        [3, 0, 1, 0, 3],
        [3, 0, 1, 0, 3],
        [0, 0, 1, 0, 0],
        [1, 1, 1, 1, 1],
        [1, 0, 1, 0, 1],
        [1, 0, 1, 0, 1],
        [1, 1, 1, 0, 1]
    ],
    "enemyPaths": [
        [[7, 4], [6, 4], [5, 4], [4, 4], [4, 3], [4, 2], [4, 1], [4, 0], [5, 0], [6, 0], [7, 0], [7, 1], [7, 2], [6, 2], [5, 2], [4, 2], [3, 2], [2, 2], [1, 2], [0, 2]]
    ],
    "beginPaths": [
        [7, 4]
    ],
    "endPaths": [
        [0, 2]
    ],
    "waves": [
        {
            "time": 10.0,
            "huge": true,
            "enemies": []
        },
        {
            "time": 12.0,
            "huge": false,
            "enemies": [6]
        },
        {
            "time": 40.0,
            "huge": false,
            "enemies": [5]
        },
        {
            "time": 55.0,
            "huge": false,
            "enemies": [5]
        },
        {
            "time": 70.0,
            "huge": false,
            "enemies": [5]
        },
        {
            "time": 85.0,
            "huge": false,
            "enemies": [5]
        },
        {
            "time": 100.0,
            "huge": false,
            "enemies": [5]
        },
        {
            "time": 115.0,
            "huge": false,
            "enemies": [5]
        },
        {
            "time": 130.0,
            "huge": false,
            "enemies": [5]
        }
    ]
}