{
    "initialEnergy": 50,
    "map": [
        [3, 0, 0, 0, 0],
        [0, 1, 1, 1, 1],
        [0, 1, 0, 0, 0],
        [0, 1, 1, 0, 3],
        [3, 0, 1, 0, 3],
        [0, 1, 1, 0, 3],
        [0, 1, 0, 3, 3],
        [0, 1, 0, 3, 3]
    ],
    "enemyPaths": [
        [[7, 1], [6, 1], [5, 1], [5, 2], [4, 2], [3, 2], [3, 1], [2, 1], [1, 1], [1, 2], [1, 3], [1, 4]]
    ],
    "beginPaths": [
        [7, 1]
    ],
    "endPaths": [
        [1, 4]
    ],
    "waves": [
        {
            "time": 5.0,
            "huge": false,
            "enemies": [0]
        },
        {
            "time": 10.0,
            "huge": false,
            "enemies": [0]
        },
        {
            "time": 17.0,
            "huge": false,
            "enemies": [0]
        },
        {
            "time": 24.0,
            "huge": false,
            "enemies": [0]
        },
        {
            "time": 30.5,
            "huge": false,
            "enemies": [0]
        },
        {
            "time": 33.4,
            "huge": false,
            "enemies": [0]
        },
        {
            "time": 37.7,
            "huge": false,
            "enemies": [0]
        },
        {
            "time": 42.0,
            "huge": false,
            "enemies": [0]
        },
        {
            "time": 44.0,
            "huge": false,
            "enemies": [0]
        },
        {
            "time": 47.2,
            "huge": false,
            "enemies": [0]
        },
        {
            "time": 48.5,
            "huge": true,
            "enemies": []
        },
        {
            "time": 50.0,
            "huge": false,
            "enemies": [0]
        },
        {
            "time": 51.0,
            "huge": false,
            "enemies": [0]
        },
        {
            "time": 51.5,
            "huge": false,
            "enemies": [0]
        },
        {
            "time": 53.0,
            "huge": false,
            "enemies": [0]
        },
        {
            "time": 55.0,
            "huge": false,
            "enemies": [0]
        },
        {
            "time": 59.0,
            "huge": false,
            "enemies": [1]
        },
        {
            "time": 60.0,
            "huge": false,
            "enemies": [0]
        },
        {
            "time": 65.0,
            "huge": false,
            "enemies": [0]
        },
        {
            "time": 66.0,
            "huge": false,
            "enemies": [0]
        },
        {
            "time": 67.8,
            "huge": false,
            "enemies": [0]
        },
        {
            "time": 69.5,
            "huge": false,
            "enemies": [0]
        },
        {
            "time": 78.0,
            "huge": false,
            "enemies": [1]
        },
        {
            "time": 78.8,
            "huge": false,
            "enemies": [0]
        },
        {
            "time": 88.0,
            "huge": false,
            "enemies": [0]
        },
        {
            "time": 89.8,
            "huge": false,
            "enemies": [1]
        },
        {
            "time": 98.0,
            "huge": true,
            "enemies": []
        },
        {
            "time": 100.0,
            "huge": false,
            "enemies": [0]
        },
        {
            "time": 103.5,
            "huge": false,
            "enemies": [1]
        },
        {
            "time": 107.8,
            "huge": false,
            "enemies": [0]
        },
        {
            "time": 109.0,
            "huge": false,
            "enemies": [1]
        },
        {
            "time": 112.0,
            "huge": false,
            "enemies": [0]
        }
    ]
}