{
    "initialEnergy": 50,
    "map": [
        [3, 0, 0, 0, 3],
        [0, 1, 1, 1, 0],
        [0, 1, 0, 1, 0],
        [0, 1, 0, 1, 0],
        [0, 1, 0, 1, 0],
        [0, 1, 0, 1, 0],
        [0, 1, 0, 1, 0],
        [1, 1, 0, 1, 1]
    ],
    "enemyPaths": [
        [[7, 4], [7, 3], [6, 3], [5, 3], [4, 3], [3, 3], [2, 3], [1, 3], [1, 2], [1, 1], [2, 1], [3, 1], [4, 1], [5, 1], [6, 1], [7, 1], [7,0]]
    ],
    "beginPaths": [
        [7, 4]
    ],
    "endPaths": [
        [7, 0]
    ],
    "waves": [
        {
            "time": 10.0,
            "huge": false,
            "enemies": [0]
        },
        {
            "time": 38.0,
            "huge": true,
            "enemies": []
        },
        {
            "time": 40.0,
            "huge": false,
            "enemies": [5]
        },
        {
            "time": 40.3,
            "huge": false,
            "enemies": [5]
        },
        {
            "time": 40.6,
            "huge": false,
            "enemies": [5]
        },
        {
            "time": 40.9,
            "huge": false,
            "enemies": [5]
        },
        {
            "time": 41.1,
            "huge": false,
            "enemies": [5]
        },
        {
            "time": 41.4,
            "huge": false,
            "enemies": [5]
        },
        {
            "time": 41.7,
            "huge": false,
            "enemies": [5]
        },
        {
            "time": 41.9,
            "huge": false,
            "enemies": [5]
        },
        {
            "time": 42.0,
            "huge": false,
            "enemies": [5]
        },
        {
            "time": 50.0,
            "huge": false,
            "enemies": [0]
        },
        {
            "time": 52.0,
            "huge": false,
            "enemies": [0]
        },
        {
            "time": 53.0,
            "huge": false,
            "enemies": [0]
        },
        {
            "time": 55.0,
            "huge": false,
            "enemies": [1]
        },
        {
            "time": 60.0,
            "huge": false,
            "enemies": [0]
        },
        {
            "time": 62.0,
            "huge": false,
            "enemies": [0]
        },
        {
            "time": 63.0,
            "huge": false,
            "enemies": [0]
        },
        {
            "time": 65.0,
            "huge": false,
            "enemies": [1]
        },
        {
            "time": 70.9,
            "huge": false,
            "enemies": [5]
        },
        {
            "time": 71.1,
            "huge": false,
            "enemies": [5]
        },
        {
            "time": 71.4,
            "huge": false,
            "enemies": [5]
        },
        {
            "time": 71.7,
            "huge": false,
            "enemies": [5]
        },
        {
            "time": 71.9,
            "huge": false,
            "enemies": [5]
        },
        {
            "time": 72.0,
            "huge": false,
            "enemies": [1]
        },
        {
            "time": 75.0,
            "huge": false,
            "enemies": [0]
        },
        {
            "time": 78.0,
            "huge": false,
            "enemies": [1]
        },
        {
            "time": 82.0,
            "huge": false,
            "enemies": [3]
        },
        {
            "time": 83.0,
            "huge": true,
            "enemies": []
        },
        {
            "time": 85.0,
            "huge": false,
            "enemies": [5]
        },
        {
            "time": 85.3,
            "huge": false,
            "enemies": [5]
        },
        {
            "time": 85.6,
            "huge": false,
            "enemies": [5]
        },
        {
            "time": 85.9,
            "huge": false,
            "enemies": [5]
        },
        {
            "time": 86.1,
            "huge": false,
            "enemies": [5]
        },
        {
            "time": 86.4,
            "huge": false,
            "enemies": [5]
        },
        {
            "time": 86.7,
            "huge": false,
            "enemies": [5]
        },
        {
            "time": 86.9,
            "huge": false,
            "enemies": [5]
        },
        {
            "time": 87.0,
            "huge": false,
            "enemies": [5]
        },
        {
            "time": 87.2,
            "huge": false,
            "enemies": [0]
        },
        {
            "time": 89.0,
            "huge": false,
            "enemies": [0]
        },
        {
            "time": 90.0,
            "huge": false,
            "enemies": [0]
        },
        {
            "time": 93.0,
            "huge": false,
            "enemies": [1]
        },
        {
            "time": 95.0,
            "huge": false,
            "enemies": [0]
        },
        {
            "time": 98.0,
            "huge": false,
            "enemies": [0]
        },
        {
            "time": 100.0,
            "huge": false,
            "enemies": [4]
        },
        {
            "time": 105.0,
            "huge": false,
            "enemies": [4]
        },
        {
            "time": 105.9,
            "huge": false,
            "enemies": [5]
        },
        {
            "time": 106.1,
            "huge": false,
            "enemies": [5]
        },
        {
            "time": 106.4,
            "huge": false,
            "enemies": [5]
        },
        {
            "time": 106.7,
            "huge": false,
            "enemies": [5]
        },
        {
            "time": 106.9,
            "huge": false,
            "enemies": [5]
        },
        {
            "time": 107.0,
            "huge": false,
            "enemies": [1]
        },
        {
            "time": 109.0,
            "huge": false,
            "enemies": [0]
        },
        {
            "time": 111.0,
            "huge": false,
            "enemies": [1]
        },
        {
            "time": 113.0,
            "huge": false,
            "enemies": [3]
        },
        {
            "time": 114.7,
            "huge": false,
            "enemies": [4]
        },
        {
            "time": 114.8,
            "huge": false,
            "enemies": [5]
        },
        {
            "time": 115.0,
            "huge": false,
            "enemies": [5]
        },
        {
            "time": 115.2,
            "huge": false,
            "enemies": [5]
        },
        {
            "time": 115.4,
            "huge": false,
            "enemies": [5]
        },
        {
            "time": 115.6,
            "huge": false,
            "enemies": [5]
        },
        {
            "time": 123.0,
            "huge": true,
            "enemies": []
        },
        {
            "time": 125.0,
            "huge": false,
            "enemies": [5]
        },
        {
            "time": 125.3,
            "huge": false,
            "enemies": [5]
        },
        {
            "time": 125.6,
            "huge": false,
            "enemies": [5]
        },
        {
            "time": 125.9,
            "huge": false,
            "enemies": [5]
        },
        {
            "time": 126.1,
            "huge": false,
            "enemies": [5]
        },
        {
            "time": 126.4,
            "huge": false,
            "enemies": [5]
        },
        {
            "time": 126.7,
            "huge": false,
            "enemies": [5]
        },
        {
            "time": 126.9,
            "huge": false,
            "enemies": [5]
        },
        {
            "time": 127.0,
            "huge": false,
            "enemies": [5]
        },
        {
            "time": 127.2,
            "huge": false,
            "enemies": [0]
        },
        {
            "time": 129.0,
            "huge": false,
            "enemies": [0]
        },
        {
            "time": 130.0,
            "huge": false,
            "enemies": [0]
        },
        {
            "time": 133.0,
            "huge": false,
            "enemies": [1]
        },
        {
            "time": 135.0,
            "huge": false,
            "enemies": [0]
        },
        {
            "time": 138.0,
            "huge": false,
            "enemies": [0]
        },
        {
            "time": 140.0,
            "huge": false,
            "enemies": [4]
        },
        {
            "time": 145.0,
            "huge": false,
            "enemies": [4]
        },
        {
            "time": 145.9,
            "huge": false,
            "enemies": [5]
        },
        {
            "time": 146.1,
            "huge": false,
            "enemies": [5]
        },
        {
            "time": 146.4,
            "huge": false,
            "enemies": [5]
        },
        {
            "time": 146.7,
            "huge": false,
            "enemies": [5]
        },
        {
            "time": 146.9,
            "huge": false,
            "enemies": [5]
        },
        {
            "time": 147.0,
            "huge": false,
            "enemies": [1]
        },
        {
            "time": 149.0,
            "huge": false,
            "enemies": [0]
        },
        {
            "time": 151.0,
            "huge": false,
            "enemies": [1]
        },
        {
            "time": 153.0,
            "huge": false,
            "enemies": [3]
        },
        {
            "time": 154.7,
            "huge": false,
            "enemies": [4]
        },
        {
            "time": 154.8,
            "huge": false,
            "enemies": [5]
        },
        {
            "time": 155.0,
            "huge": false,
            "enemies": [5]
        },
        {
            "time": 155.2,
            "huge": false,
            "enemies": [5]
        },
        {
            "time": 155.4,
            "huge": false,
            "enemies": [5]
        },
        {
            "time": 155.6,
            "huge": false,
            "enemies": [5]
        }
    ]
}